Reporter Name	Partner Name	Year	Trade Flow	No Of exported HS6 digit Products	No Of imported HS6 digit Products	Export Share in Total Products (%)	Import Share in Total Products (%)	Trade Balance (US$ Thousand)	Export (US$ Thousand)	Import (US$ Thousand)	Import Partner Share (%)	Export Partner Share (%)	AHS Simple Average (%)	AHS Weighted Average (%)	AHS Total Tariff Lines	AHS Dutiable Tariff Lines Share (%)	AHS Duty Free Tariff Lines Share (%)	AHS Specific Tariff Lines Share (%)	AHS AVE Tariff Lines Share (%)	AHS MaxRate (%)	AHS MinRate (%)	AHS SpecificDuty Imports(US$ Thousand)	AHS Dutiable Imports (US$ Thousand)	AHS Duty Free Imports (US$ Thousand)	MFN Simple Average (%)	MFN Weighted Average (%)	MFN Total Tariff Lines	MFN Dutiable Tariff Lines Share (%)	MFN Duty Free Tariff Lines Share (%)	MFN Specific Tariff Lines Share (%)	MFN AVE Tariff Lines Share (%)	MFN MaxRate (%)	MFN MinRate (%)	MFN SpecificDuty Imports (US$ Thousand)	MFN Dutiable Imports (US$ Thousand)	MFN Duty Free Imports (US$ Thousand)	No Of Tariff Agreement
Germany	Aruba	2019	Exports & Imports	591	21	13.39	0.47	10077.51	10232.6	155.09	0	0	0	0	86	0	100	0	0	0	0	0	0	117.74	3.62	2.05	86	77.91	20.93	0	1.16	12	0	0	115.98	1.76	
Germany	Afghanistan	2019	Exports & Imports	713	162	16.16	3.6	52511.46	73657.98	21146.52	0	0	0.68	1.04	659	23.07	76.63	0	0.3	8.5	0	0	12207.95	8011.05	7.87	2.34	659	63.88	16.84	3.34	15.93	93.42	0	38.09	16218.86	4000.14	
Germany	Angola	2019	Exports & Imports	940	32	21.3	0.71	144640.05	146731.18	2091.12	0	0.01	0.77	0.3	137	64.23	35.77	0	0	4.2	0	0	171.25	907.62	1.15	0.43	137	65.69	34.31	0	0	12	0	0	182.36	896.51	
Germany	Anguila	2019	Exports & Imports	13	3	0.29	0.07	411.53	463.18	51.65	0	0	0	0	10	0	100	0	0	0	0	0	0	51.65	0.9	0.16	10	30	30	40	0	2.7	0	3.48	6.55	45.1	
Germany	Albania	2019	Exports & Imports	1814	388	41.11	8.63	130359.73	293848.44	163488.71	0.01	0.02	0	0	1464	0	100	0	0	0	0	0	0	158341.43	6.38	7.63	1464	74.66	17.21	1.57	6.56	52.82	0	92.78	149959.63	8381.8	
Germany	Andorra	2019	Exports & Imports	742	113	16.81	2.51	48618.53	50258.73	1640.2	0	0	0	0	431	0	100	0	0	0	0	0	0	1479.31	7.23	7.23	431	77.49	17.63	1.39	3.48	57.6	0	6.59	1334.56	144.75	
Germany	United Arab Emirates	2019	Exports & Imports	3214	1246	72.83	27.71	8746483.55	9948337.33	1201853.78	0.1	0.67	3.99	3.9	4902	71.18	20.81	1.57	6.45	74.9	0	890.33	978456.62	143939.46	3.99	3.9	4902	71.18	20.81	1.57	6.45	74.9	0	890.33	978456.62	143939.46	
Germany	Argentina	2019	Exports & Imports	2419	743	54.82	16.52	1494689.22	2714022.08	1219332.87	0.1	0.18	5.78	17.92	4122	58.78	17.32	2.5	21.4	152.39	0	53971.34	741270.53	461560.69	5.78	17.92	4122	58.78	17.32	2.5	21.4	152.39	0	53971.34	741270.53	461560.69	
Germany	Armenia	2019	Exports & Imports	1674	194	37.93	4.31	76869.07	205350.7	128481.63	0.01	0.01	0.56	0.02	1329	0	78.93	3.39	17.68	84.94	0	234.29	393.79	126871.16	6.87	5.3	1329	62.83	14.97	3.99	18.21	84.94	0	433.86	123095.25	4169.69	
Germany	American Samoa	2019	Exports & Imports	13	5	0.29	0.11	-103.49	24.03	127.52	0	0	2.82	4.45	10	90	10	0	0	4.7	0	0	126.54	0.97	2.82	4.45	10	90	10	0	0	4.7	0	0	126.54	0.97	
Germany	Antarctica	2019	Exports & Imports	113	20	2.56	0.44	6468.12	6964.98	496.86	0	0	2.67	6.31	78	75.64	23.08	1.28	0	12	0	18.09	276.83	38.75	2.67	6.31	78	75.64	23.08	1.28	0	12	0	18.09	276.83	38.75	
Germany	Fr. So. Ant. Tr	2019	Exports & Imports	197	5	4.46	0.11	3760	3799.36	39.36	0	0	0	0	28	0	100	0	0	0	0	0	0	37.27	0.14	0.16	28	57.14	42.86	0	0	0.8	0	0	10.78	26.49	
Germany	Antigua and Barbuda	2019	Exports & Imports	342	40	7.75	0.89	175.52	8990.23	8814.71	0	0	0	0	221	0	100	0	0	0	0	0	0	8423.39	3.65	1.01	221	70.14	23.08	2.26	4.52	31.79	0	1.23	8366.45	56.94	
Germany	Australia	2019	Exports & Imports	3196	1749	72.42	38.89	7346011.6	10370544.32	3024532.72	0.24	0.69	4.63	1.24	6966	67.79	18.79	1.87	11.56	237.64	0	67013.59	404538.64	2151092.55	4.63	1.24	6966	67.79	18.79	1.87	11.56	237.64	0	67013.59	404538.64	2151092.55	
Germany	Austria	2019	Exports & Imports	4215	3839	95.51	85.37	24704574.68	70988488.26	46283913.58	3.73	4.75																									
Germany	Azerbaijan	2019	Exports & Imports	1928	138	43.69	3.07	-979085.95	528750.99	1507836.94	0.12	0.04	4.19	0.06	1104	55.34	15.58	2.99	26.09	57.6	0	58.84	26678.54	1479774.63	4.19	0.06	1104	55.34	15.58	2.99	26.09	57.6	0	58.84	26678.54	1479774.63	
Germany	Burundi	2019	Exports & Imports	271	14	6.14	0.31	2778.64	15087.87	12309.23	0	0	0.26	0	33	12.12	87.88	0	0	3.7	0	0	0.13	12309.05	5.99	0.1	33	60.61	39.39	0	0	16.9	0	0	135.46	12173.72	
Germany	Belgium	2019	Exports & Imports	4097	3752	92.84	83.43	6109276.47	51634515.39	45525238.92	3.67	3.46																									
Germany	Benin	2019	Exports & Imports	612	38	13.87	0.84	38244.3	41349.1	3104.8	0	0	0.67	0.04	188	45.21	54.79	0	0	4.2	0	0	78.96	2954.22	2.16	0.07	188	57.98	42.02	0	0	16.9	0	0	84.03	2949.16	
Germany	Bonaire	2019	Exports & Imports	150	5	3.4	0.11	2233.37	2276.78	43.41	0	0	1.15	1.71	41	63.41	26.83	0	9.76	4.28	0	0	5.58	0.45	1.15	1.71	41	63.41	26.83	0	9.76	4.28	0	0	5.58	0.45	
Germany	Burkina Faso	2019	Exports & Imports	739	63	16.75	1.4	2904.36	69848.28	66943.93	0.01	0	0.91	0.01	300	34.67	65.33	0	0	6.5	0	0	822.27	65890.05	2.99	0.29	300	67	29.33	0.33	3.33	27.79	0	8.1	4386.48	62325.84	
Germany	Bangladesh	2019	Exports & Imports	1512	678	34.26	15.08	-5773642.82	921128.81	6694771.63	0.54	0.06	0.81	0.03	2646	26.64	73.17	0.04	0.15	10.5	0	9.05	65763.98	6626818.36	7.52	11.72	2646	77.32	11.11	1.97	9.6	121.54	0	31.6	6679697.24	12885.11	
Germany	Bulgaria	2019	Exports & Imports	3449	1831	78.16	40.72	-799268.41	4400193.46	5199461.87	0.42	0.29																									
Germany	Bahrain	2019	Exports & Imports	1642	251	37.21	5.58	320622.2	429396.78	108774.59	0.01	0.03																									
Germany	Bahamas, The	2019	Exports & Imports	598	69	13.55	1.53	33146.41	36369.11	3222.71	0	0	0	0	1391	0	100	0	0	0	0	0	0	100301.98	3.78	4.67	1391	73.04	23.8	1.8	1.37	51.49	0	82.71	84428.27	15873.72	
Germany	Bosnia and Herzegovina	2019	Exports & Imports	2572	1047	58.28	23.28	125006.72	1004234.51	879227.79	0.07	0.07	0.09	0	4274	0.02	93.78	0.73	5.47	72.54	0	378.5	420.72	826302.32	5.19	4.82	4274	68.55	16.33	2.34	12.77	121.54	0	2387.78	646836.08	179886.96	
Germany	Saint Barthélemy	2019	Exports & Imports	110	15	2.49	0.33	-1658.69	1032.2	2690.9	0	0	4.86	1.76	31	54.84	32.26	0	12.9	26.56	0	0	441.88	2249.01	4.86	1.76	31	54.84	32.26	0	12.9	26.56	0	0	441.88	2249.01	
Germany	Belarus	2019	Exports & Imports	2557	758	57.94	16.86	1068445.2	1693718.95	625273.75	0.05	0.11	4.18	2.31	3349	71.96	21.38	2	4.66	57.6	0	889.75	230446.41	259217.47	4.18	2.31	3349	71.96	21.38	2	4.66	57.6	0	889.75	230446.41	259217.47	
Germany	Belize	2019	Exports & Imports	193	49	4.37	1.09	-2078.9	3494.12	5573.01	0	0	0	0	310	0	100	0	0	0	0	0	0	14703.02	11.34	7.13	310	56.77	7.42	1.29	34.52	93.42	0	11.02	14637.77	65.25	
Germany	Bermuda	2019	Exports & Imports	340	14	7.7	0.31	133860.03	134886.34	1026.31	0	0.01	0	0	47	0	100	0	0	0	0	0	0	610.41	0.72	0.05	47	44.68	46.81	8.51	0	4	0	390.7	417.19	193.21	
Germany	Bolivia	2019	Exports & Imports	1293	122	29.3	2.71	-48177.57	143199.48	191377.06	0.02	0.01	1.36	0.02	450	0.67	88.44	3.33	7.56	67.41	0	93.89	338.86	186604.06	5.28	0.18	450	60.89	26.22	3.33	9.56	67.41	0	93.89	11944.93	174997.99	
Germany	Brazil	2019	Exports & Imports	2834	1719	64.22	38.23	3722725.91	11474351.67	7751625.76	0.63	0.77	4.93	4.55	7423	65.7	19.26	1.51	13.53	144.27	0	49948.24	2872101.16	4586534.71	4.93	4.55	7423	65.7	19.26	1.51	13.53	144.27	0	49948.24	2872101.16	4586534.71	
Germany	Barbados	2019	Exports & Imports	965	28	21.87	0.62	21238.77	28988.7	7749.92	0	0	0	0	108	0	100	0	0	0	0	0	0	7734.64	2.18	0.67	108	34.26	56.48	9.26	0	12	0	1243.09	6927.7	806.93	
Germany	Brunei	2019	Exports & Imports	655	101	14.84	2.25	76423.25	77597.76	1174.51	0	0.01	3.88	2.21	476	78.57	20.8	0.63	0	16.9	0	21.19	473.78	532.15	3.88	2.21	476	78.57	20.8	0.63	0	16.9	0	21.19	473.78	532.15	
Germany	Bhutan	2019	Exports & Imports	181	12	4.1	0.27	4281.25	5641.84	1360.59	0	0	0.12	0	25	20	80	0	0	3.7	0	0	0.86	1358.69	5.01	5.67	25	36	48	0	16	57.18	0	0	1348.44	11.11	
Germany	Botswana	2019	Exports & Imports	415	33	9.4	0.73	70914.49	74261.92	3347.43	0	0.01	0	0	197	0	100	0	0	0	0	0	0	3216.24	5.44	45.59	197	62.44	17.77	0	19.8	84.94	0	0	2682.39	533.86	
Germany	Central African Republic	2019	Exports & Imports	243	20	5.51	0.44	9626.62	10974.55	1347.93	0	0	0.59	0.5	179	12.85	87.15	0	0	4	0	0	376.34	971.7	5.67	1.37	179	37.43	16.2	3.35	43.02	31.79	0	82.46	467.22	880.82	
Germany	Canada	2019	Exports & Imports	3121	2306	70.72	51.28	6358327.68	12313775.3	5955447.62	0.48	0.82	0.24	0.19	8857	0.95	95.82	0.09	3.14	84.94	0	1255.69	150344.73	5655865.07	4.46	1.39	8857	72.02	18.46	1.4	8.12	237.64	0	21834.1	2479239.18	3326970.62	
Germany	Cocos (Keeling) Islands	2019	Exports & Imports	2	1	0.05	0.02	157.02	157.08	0.06	0	0	0.85	0.85	2	50	50	0	0	1.7	0	0	0.06	0	0.85	0.85	2	50	50	0	0	1.7	0	0	0.06	0	
Germany	Switzerland	2019	Exports & Imports	4170	3803	94.49	84.57	12030914.82	64755169.35	52724254.53	4.25	4.34	1.33	0.16	12403	6.43	85.32	0.28	7.97	237.64	0	3234.1	473130.97	43781750.87	5.08	2.8	12403	68.71	19.62	1.26	10.42	237.64	0	1054053.68	26825700.05	17429181.79	
Germany	Chile	2019	Exports & Imports	2717	644	61.57	14.32	2056931.59	3250916.71	1193985.11	0.1	0.22	1.04	1.23	3761	0.37	84.55	1.49	13.59	121.68	0	104565.01	201387.23	966947.67	5.33	3.98	3761	62.4	18.03	2.05	17.52	260.34	0	152952.36	560305.3	608029.6	
Germany	China	2019	Exports & Imports	3552	3923	80.49	87.24	-16023706.42	108330594.45	124354300.87	10.03	7.25	5.69	3.13	12842	70.8	19.05	1.21	8.94	3000	0	1381584.33	73155621.24	45703701.11	5.69	3.13	12842	70.8	19.05	1.21	8.94	3000	0	1381584.33	73155621.24	45703701.11	
Germany	Cote d'Ivoire	2019	Exports & Imports	1199	129	27.17	2.87	-460495.98	241340.5	701836.48	0.06	0.02	0	0	622	0	100	0	0	0	0	0	0	701526.37	4.82	0.71	622	72.35	22.03	2.89	2.73	77.67	0	35.58	53523.19	648003.18	
Germany	Cameroon	2019	Exports & Imports	1169	152	26.49	3.38	11447.92	109974.82	98526.91	0.01	0.01	0	0	633	0	100	0	0	0	0	0	0	98261.87	4.07	2.49	633	67.61	26.86	1.58	3.95	49.12	0	11.95	33894.07	64367.8	
Germany	Congo, Rep.	2019	Exports & Imports	641	28	14.53	0.62	32489.88	48859.86	16369.98	0	0	0.18	0.02	130	10.77	89.23	0	0	3	0	0	85.43	15370.51	0.9	0.64	130	63.08	36.15	0	0.77	6.5	0	0	6384.68	9071.26	
Germany	Cook Islands	2019	Exports & Imports	23	3	0.52	0.07	989.49	1063.59	74.1	0	0	2.17	3.38	5	40	60	0	0	6.5	0	0	38.51	35.59	3.33	5.2	5	40	60	0	0	10	0	0	38.51	35.59	
Germany	Colombia	2019	Exports & Imports	2377	645	53.86	14.34	1168150.89	1931300.14	763149.25	0.06	0.13	0.52	3.62	3085	0	94.1	0.52	5.38	93.42	0	1030.27	265815.38	479287.47	5.31	8.38	3085	69.21	18.25	2.53	10.02	93.42	0	1163.84	398415.74	346687.11	
Germany	Comoros	2019	Exports & Imports	53	4	1.2	0.09	-7069.12	924.61	7993.73	0	0	0.41	0.16	11	36.36	63.64	0	0	2.9	0	0	776.23	7217.45	3.91	5.89	11	54.55	45.45	0	0	8	0	0	7993.06	0.62	
Germany	Cape Verde	2019	Exports & Imports	649	15	14.71	0.33	15069.24	15769.51	700.26	0	0	0	0	73	0	100	0	0	0	0	0	0	663.68	5.16	23.16	73	84.93	15.07	0	0	25	0	0	654.19	9.49	
Germany	Costa Rica	2019	Exports & Imports	1596	336	36.17	7.47	-429466.63	245871.37	675338	0.05	0.02	0.97	2.77	2017	0.4	89.14	0.79	9.67	93.42	0	3364.78	273838	383010.95	5.08	9.33	2017	65.49	18.29	2.23	13.98	93.42	0	4002.18	471077.06	185771.89	
Germany	Cuba	2019	Exports & Imports	1099	67	24.9	1.49	155972.57	223269.74	67297.17	0.01	0.01	5.4	18.08	325	46.15	28.62	9.85	15.38	93.42	0	11574.83	61413.82	3863.79	5.4	18.08	325	46.15	28.62	9.85	15.38	93.42	0	11574.83	61413.82	3863.79	
Germany	Curaçao	2019	Exports & Imports	747	29	16.93	0.64	22429.44	23199.15	769.71	0	0	1.84	3.56	116	62.93	24.14	0	12.93	10.21	0	0	584.06	143.21	1.84	3.56	116	62.93	24.14	0	12.93	10.21	0	0	584.06	143.21	
Germany	Christmas Island	2019	Exports & Imports	3	2	0.07	0.04	158.44	159.09	0.65	0	0	0	0	4	0	100	0	0	0	0	0	0	0.65	0	0	4	0	100	0	0	0	0	0	0	0.65	
Germany	Cayman Islands	2019	Exports & Imports	330	27	7.48	0.6	71798.17	77069.29	5271.12	0	0.01	0.06	0.02	334	0	65.57	2.1	32.34	3.72	0	67.51	67.51	5174.33	2.78	0.74	334	20.36	23.05	8.08	48.5	57.6	0	122.83	4044.82	1197.02	
Germany	Cyprus	2019	Exports & Imports	2528	535	57.29	11.9	570206.1	706719.33	136513.23	0.01	0.05																									
Germany	Czech Republic	2019	Exports & Imports	4087	3426	92.61	76.18	-3866792.64	49459744.54	53326537.18	4.3	3.31																									
Germany	Djibouti	2019	Exports & Imports	364	12	8.25	0.27	18395.18	18824.65	429.47	0	0	1.79	0.42	23	65.22	34.78	0	0	7.5	0	0	79.42	348.26	1.79	0.42	23	65.22	34.78	0	0	7.5	0	0	79.42	348.26	
Germany	Dominica	2019	Exports & Imports	194	14	4.4	0.31	1599.27	1756.58	157.31	0	0	0	0	84	0	100	0	0	0	0	0	0	157.31	4.58	2.5	84	83.33	11.9	4.76	0	17	0	1.05	146.14	11.17	
Germany	Denmark	2019	Exports & Imports	3891	3159	88.17	70.25	8319214.32	21492643.8	13173429.48	1.06	1.44																									
Germany	Dominican Republic	2019	Exports & Imports	1820	314	41.24	6.98	53255.49	310054.5	256799.01	0.02	0.02	0	0	1250	0	100	0	0	0	0	0	0	256414.69	6.23	9.14	1250	67.12	20.48	3.6	8.8	76.46	0	5130.8	166781.88	89632.81	
Germany	Algeria	2019	Exports & Imports	1805	112	40.9	2.49	1589658.36	2333258.4	743600.04	0.06	0.16	0.08	0.07	557	1.44	97.67	0.9	0	7.7	0	26.93	6591.79	483531.91	3.17	0.57	557	73.97	24.78	0.9	0.36	57.6	0	26.93	52940.83	437182.87	
Germany	East Asia & Pacific	2019	Exports & Imports	4025	4161	91.21	92.53	-14846976.21	202012773.56	216859749.77	17.49	13.53	4.01	2.82	94421	56.39	35.32	1.24	7.05	3000	0	2097596.46	108854097.07	95322881.93	5.97	3.3	13827	68.76	19.14	0.17	1.6	3000	0	2181589.05	121473098.25	82703880.75	
Germany	Europe & Central Asia	2019	Exports & Imports	4398	4476	99.66	99.53	192454282.89	1002013103.56	809558820.67	65.29	67.1	1.3	0.32	79830	15.08	76.88	1.01	7.03	260.34	0	229869.34	5642795.64	100851252.57	6.11	3.03	14057	68.39	19.06	0.2	2.01	3000	0	1333292.59	57988348.31	48505699.91	
Germany	Ecuador	2019	Exports & Imports	1737	365	39.36	8.12	24301.62	516242.11	491940.5	0.04	0.03	0.77	3.59	2170	0	94.93	0.6	4.47	95.43	0	359.24	252431.6	216208.95	6.02	14.57	2170	69.12	15.71	2.35	12.81	121.54	0	555.49	418615.95	50024.6	
Germany	Egypt, Arab Rep.	2019	Exports & Imports	2669	1011	60.48	22.48	2434892.89	4084590.08	1649697.19	0.13	0.27	0.27	0.13	4355	0.21	93.64	0.18	5.97	62.51	0	32718.31	53011.76	1568199.26	6.01	3.94	4355	69.9	16.53	1.52	12.06	93.81	0	33414.77	732596.27	888614.75	
Germany	Eritrea	2019	Exports & Imports	143	8	3.24	0.18	14361.81	14487.92	126.11	0	0	1.03	0.05	22	18.18	81.82	0	0	4	0	0	1.56	123.9	2.74	0.35	22	50	50	0	0	12	0	0	4.74	120.72	
Germany	Western Sahara	2019	Exports & Imports	6	1	0.14	0.02	51.5	51.62	0.12	0	0	3.7	3.7	1	100	0	0	0	3.7	3.7	0	0.12	0	3.7	3.7	1	100	0	0	0	3.7	3.7	0	0.12	0	
Germany	Spain	2019	Exports & Imports	4009	3640	90.85	80.94	12421023.81	49495538.04	37074514.24	2.99	3.31																									
Germany	Estonia	2019	Exports & Imports	3222	1140	73.01	25.35	1121424.85	2032871.72	911446.87	0.07	0.14																									
Germany	Ethiopia(excludes Eritrea)	2019	Exports & Imports	1200	218	27.19	4.85	183385.36	348854.72	165469.36	0.01	0.02	0.59	0.06	926	34.88	65.01	0.11	0	6.5	0	0.29	5453.62	157871.36	6.04	1.66	926	70.09	22.68	0.86	6.37	46.25	0	46.44	29346.37	133978.6	
Germany	Finland	2019	Exports & Imports	3693	1920	83.68	42.7	2257494.11	12380022.32	10122528.21	0.82	0.83																									
Germany	Fiji	2019	Exports & Imports	292	50	6.62	1.11	8344.48	9933.84	1589.36	0	0	0	0	246	0	100	0	0	0	0	0	0	1512.29	7.99	17.52	246	74.39	15.45	1.63	8.54	93.42	0	35.65	1272	240.29	
Germany	Falkland Island	2019	Exports & Imports	12	8	0.27	0.18	-5686.55	73.18	5759.73	0	0	0	0	33	0	100	0	0	0	0	0	0	2451.24	4.35	0.13	33	78.79	21.21	0	0	18	0	0	26.94	2424.3	
Germany	France	2019	Exports & Imports	4197	4069	95.11	90.48	45198314.72	119249537.12	74051222.4	5.97	7.99																									
Germany	Faeroe Islands	2019	Exports & Imports	824	68	18.67	1.51	127000.83	150421.64	23420.81	0	0.01	1.07	1.91	374	16.04	83.96	0	0	22	0	0	10383.37	12565.31	4.55	4.39	374	77.01	22.99	0	0	22	0	0	14838.45	8110.23	
Germany	Micronesia, Fed. Sts.	2019	Exports & Imports	7	2	0.16	0.04	43.39	55.7	12.31	0	0	3.8	3.8	5	100	0	0	0	3.8	3.8	0	12.31	0	11	11	5	100	0	0	0	11	11	0	12.31	0	
Germany	Gabon	2019	Exports & Imports	719	35	16.29	0.78	15872.25	45086.03	29213.78	0	0	2.63	2.29	153	69.28	30.72	0	0	15	0	0	25320.89	3577.54	2.63	2.29	153	69.28	30.72	0	0	15	0	0	25320.89	3577.54	
Germany	United Kingdom	2019	Exports & Imports	4017	3893	91.03	86.57	45974166.92	88405572.1	42431405.18	3.42	5.92																									
Germany	Georgia	2019	Exports & Imports	2130	358	48.27	7.96	400817.95	468636.11	67818.16	0.01	0.03	0.01	0.05	2006	0.1	94.67	0.35	4.89	6.5	0	1976.47	1993.05	63529.38	4.81	8.13	2006	60.82	20.39	3.29	15.5	69.81	0	2045.7	57583.66	7938.77	
Germany	Ghana	2019	Exports & Imports	1546	231	35.03	5.14	-17613.15	272311.89	289925.04	0.02	0.02	0.01	0	1140	0.09	99.91	0	0	3.2	0	0	0.57	288711.46	5.51	4.81	1140	70.61	20.61	2.46	6.32	140.12	0	352.16	152954.63	135757.4	
Germany	Gibraltar	2019	Exports & Imports	487	57	11.04	1.27	22480.84	34965.72	12484.88	0	0	3.44	9.34	459	44.88	15.47	5.88	33.77	57.6	0	91.49	11289.35	245.72	3.44	9.34	459	44.88	15.47	5.88	33.77	57.6	0	91.49	11289.35	245.72	
Germany	Guinea	2019	Exports & Imports	836	40	18.94	0.89	41559.65	169776.93	128217.28	0.01	0.01	0.89	0	200	55	45	0	0	6.5	0	0	206.02	127615.1	2.67	0.41	200	72	24.5	2	1.5	12	0	4.76	9613.28	118207.85	
Germany	Gambia, The	2019	Exports & Imports	644	26	14.59	0.58	22493.73	23251.77	758.05	0	0	0.29	0.23	54	7.41	92.59	0	0	3.7	0	0	62.95	648.87	5.12	5.2	54	64.81	35.19	0	0	16.9	0	0	331.32	380.5	
Germany	Guinea-Bissau	2019	Exports & Imports	161	2	3.65	0.04	3064.84	3066.86	2.02	0	0	0.3	0.42	6	16.67	83.33	0	0	3	0	0	1.43	0.59	0.3	0.42	6	16.67	83.33	0	0	3	0	0	1.43	0.59	
Germany	Equatorial Guinea	2019	Exports & Imports	264	11	5.98	0.24	-66429.45	24938.15	91367.59	0.01	0	0.67	0	41	46.34	53.66	0	0	4	0	0	25.32	91341.87	1.17	1.88	41	53.66	46.34	0	0	5.5	0	0	31315.84	60051.35	
Germany	Greece	2019	Exports & Imports	3535	1598	80.1	35.53	4424060.65	6803026.97	2378966.32	0.19	0.46																									
Germany	Grenada	2019	Exports & Imports	289	21	6.55	0.47	1819.48	3659.89	1840.41	0	0	0	0	113	0	100	0	0	0	0	0	0	1637.18	3.98	3.69	113	62.83	17.7	0	19.47	84.23	0	0	159.73	1477.45	
Germany	Greenland	2019	Exports & Imports	521	22	11.81	0.49	3916.13	15305.41	11389.28	0	0	0	0	157	0	100	0	0	0	0	0	0	8313.17	10.09	11.31	157	91.08	8.28	0.64	0	22	0	0.74	7798.72	514.44	
Germany	Guatemala	2019	Exports & Imports	1515	220	34.33	4.89	177869.44	320671.31	142801.87	0.01	0.02	1.03	2.04	1081	0	94.91	0.74	4.35	93.42	0	17523.45	54995.47	83853.65	7.9	6.86	1081	70.4	13.69	1.85	14.06	93.42	0	17524.15	92052.96	46796.17	
Germany	Guam	2019	Exports & Imports	97	3	2.2	0.07	6982.89	6985.39	2.5	0	0	2.7	1.43	9	22.22	77.78	0	0	8	0	0	1.03	1.46	2.7	1.43	9	22.22	77.78	0	0	8	0	0	1.03	1.46	
Germany	Guyana	2019	Exports & Imports	294	28	6.66	0.62	1011.95	12447.09	11435.14	0	0	0	0	172	0	100	0	0	0	0	0	0	11096.45	3.21	4.73	172	26.16	20.35	2.33	51.16	22.54	0	1076.21	5966.81	5129.65	
Germany	Hong Kong, China	2019	Exports & Imports	2929	2017	66.37	44.85	5215616.46	6703637	1488020.55	0.12	0.45	4.38	2.33	6940	77.48	17.84	0.98	3.7	102.43	0	11029.88	912656.07	551923.63	4.38	2.33	6940	77.48	17.84	0.98	3.7	102.43	0	11029.88	912656.07	551923.63	
Germany	Honduras	2019	Exports & Imports	930	170	21.07	3.78	-136819.88	162938.49	299758.37	0.02	0.01	0.33	0.01	636	0.47	94.18	0	5.35	35.14	0	0	469.04	298602.91	6.75	3.01	636	76.73	16.82	0.16	6.29	35.14	0	6.17	70103.05	228968.9	
Germany	Croatia	2019	Exports & Imports	3409	1437	77.25	31.95	2161540.32	4177021.21	2015480.89	0.16	0.28																									
Germany	Haiti	2019	Exports & Imports	421	51	9.54	1.13	28584.81	31703.85	3119.04	0	0	0	0	154	0	100	0	0	0	0	0	0	3052.96	6.02	4.27	154	75.97	24.03	0	0	12	0	0	2708.16	344.81	
Germany	Hungary	2019	Exports & Imports	3885	2550	88.04	56.7	-1877525.25	30092940.66	31970465.91	2.58	2.02																									
Germany	Indonesia	2019	Exports & Imports	2504	1614	56.74	35.89	-882486.6	3119695.03	4002181.63	0.32	0.21	5.03	6.5	6101	75.05	17.7	1.43	5.82	121.54	0	29045.23	2984681.51	900504.39	5.03	6.5	6101	75.05	17.7	1.43	5.82	121.54	0	29045.23	2984681.51	900504.39	
Germany	India	2019	Exports & Imports	3060	3062	69.34	68.09	2773422.39	13439520.02	10666097.63	0.86	0.9	5.09	5.11	10814	71.4	17.87	1.33	9.4	204.19	0	66599.27	8258982.29	1811832.1	5.09	5.11	10814	71.4	17.86	1.33	9.41	204.19	0	66599.27	8258982.29	1811832.1	
Germany	British Indian Ocean Ter.	2019	Exports & Imports	4	7	0.09	0.16	-28.49	19.1	47.59	0	0	0	0	25	0	100	0	0	0	0	0	0	47.59	6.86	0.2	25	64	36	0	0	12	0	0	0.79	46.8	
Germany	Ireland	2019	Exports & Imports	3245	1738	73.53	38.65	-11640065.8	8938287.31	20578353.11	1.66	0.6																									
Germany	Iran, Islamic Rep.	2019	Exports & Imports	1860	705	42.15	15.68	1506367.35	1729537.52	223170.17	0.02	0.12	6.07	3.17	3389	65.89	16.23	2.1	15.79	127.42	0	661.84	134794.63	48461.71	6.07	3.17	3389	65.89	16.23	2.1	15.79	127.42	0	661.84	134794.63	48461.71	
Germany	Iraq	2019	Exports & Imports	1770	163	40.11	3.62	415343.36	1158091.78	742748.42	0.06	0.08	5.23	0.01	1019	64.08	18.25	2.85	14.82	95.43	0	40.33	2099.25	738948.42	5.23	0.01	1019	64.08	18.25	2.85	14.82	95.43	0	40.33	2099.25	738948.42	
Germany	Iceland	2019	Exports & Imports	2461	499	55.77	11.1	-41664.28	552264.03	593928.31	0.05	0.04	0.86	0.33	2697	11.53	84.65	0.56	3.26	144.27	0	63.43	66768.49	520738.16	4.9	6.35	2697	70.89	21.51	2.45	5.15	144.27	0	244.35	571092.26	16414.39	
Germany	Israel	2019	Exports & Imports	2996	1738	67.89	38.65	2920807.94	5326717.71	2405909.77	0.19	0.36	0.3	0.06	7433	1	92.43	0.66	5.92	95.43	0	19748.16	66733.04	2068295.28	4.52	2.55	7433	71.06	16.98	1.56	10.4	154.55	0	34055.52	1287548.93	847479.39	
Germany	Italy	2019	Exports & Imports	4126	4019	93.5	89.37	11888241.3	75801862.54	63913621.24	5.15	5.08																									
Germany	Jamaica	2019	Exports & Imports	1007	65	22.82	1.45	-119826.89	71320.38	191147.26	0.02	0	0.08	0	351	0.85	99.15	0	0	2.7	0	0	6.08	190911.89	2.93	3.57	351	68.09	27.07	3.13	1.71	25.19	0	19163.29	190026.5	891.47	
Germany	Jordan	2019	Exports & Imports	2075	416	47.02	9.25	844592.01	882859.5	38267.49	0	0.06	0.16	0.02	2068	1.55	98.07	0.15	0.24	33.19	0	623.83	649.47	34407.79	6.27	13.19	2068	62.52	18.23	2.22	17.02	95.43	0	1248.18	22589.27	12467.98	
Germany	Japan	2019	Exports & Imports	3291	3049	74.58	67.8	-4322068.64	23241210.16	27563278.8	2.22	1.56	4.43	2.72	10471	72.84	19.04	1.36	6.76	121.54	0	338317.52	16077577.12	8968139.01	4.43	2.72	10471	72.84	19.04	1.36	6.76	121.54	0	338317.52	16077577.12	8968139.01	
Germany	Kazakhstan	2019	Exports & Imports	2419	281	54.82	6.25	-1948165.91	1642462.04	3590627.95	0.29	0.11	3.47	0.29	1264	63.13	26.58	3.4	6.88	57.6	0	610.28	179988.91	3405051.55	3.47	0.29	1264	63.13	26.58	3.4	6.88	57.6	0	610.28	179988.91	3405051.55	
Germany	Kenya	2019	Exports & Imports	1655	310	37.5	6.89	244612.79	398746.4	154133.61	0.01	0.03	0	0	1360	0	100	0	0	0	0	0	0	152083.92	5.64	5.95	1360	72.65	20	2.35	5	67.29	0	150.64	107881.13	44202.79	
Germany	Kyrgyz Republic	2019	Exports & Imports	995	103	22.55	2.29	46426.5	66037.78	19611.28	0	0	0.03	0.01	440	0	91.82	3.86	4.32	8.8	0	77.61	222.6	18306.26	4.31	1.14	440	69.32	21.82	3.86	5	27.79	0	77.61	4804.26	13724.6	
Germany	Cambodia	2019	Exports & Imports	888	444	20.12	9.87	-1754799.17	160742.68	1915541.85	0.15	0.01	0.75	0.06	1632	32.35	67.65	0	0	8	0	0	52791.28	1869570.26	7.8	12.16	1632	77.57	12.5	0.67	9.25	57.18	0	21.9	1918050.95	4310.59	
Germany	Kiribati	2019	Exports & Imports	20	3	0.45	0.07	-26.88	39.12	66	0	0	2.5	4.54	4	25	75	0	0	7.5	0	0	39.98	26.02	6.17	8.6	4	75	25	0	0	11	0	0	64.3	1.7	
Germany	St. Kitts and Nevis	2019	Exports & Imports	90	21	2.04	0.47	9977.89	14642.91	4665.02	0	0	0	0	140	0	100	0	0	0	0	0	0	4627.99	2.03	0.21	140	55.71	40	2.86	1.43	12.8	0	0.02	281.23	4346.76	
Germany	Korea, Rep.	2019	Exports & Imports	3237	2370	73.35	52.7	5688877.06	19368616.36	13679739.3	1.1	1.3	0.04	0	8803	0.07	98.6	0.06	1.27	57.18	0	918.99	15996.24	11135014.69	5.73	2.66	8803	73.6	18.46	1.22	6.72	3000	0	45936.89	6485021.88	4665989.06	
Germany	Kuwait	2019	Exports & Imports	2098	235	47.54	5.23	1561207.41	1648675.68	87468.27	0.01	0.11	2.87	3.67	1091	70.3	26.86	1.19	1.65	29.42	0	2.05	8597.19	4081.41	2.87	3.67	1091	70.3	26.86	1.19	1.65	29.42	0	2.05	8597.19	4081.41	
Germany	Lao PDR	2019	Exports & Imports	421	153	9.54	3.4	-95888.98	23732.34	119621.32	0.01	0	0.41	0.08	688	18.17	81.83	0	0	8.7	0	0	8400.67	111180.77	9.2	10.35	688	68.17	8.72	0	23.11	76.46	0	0	113822.94	5758.49	
Germany	Lebanon	2019	Exports & Imports	2278	478	51.62	10.63	698045.58	743803.74	45758.16	0	0.05	0.57	0.27	2570	0.62	90.27	1.09	8.02	64.49	0	919.37	1391.03	40150.63	6.64	4.24	2570	54.32	17.94	3.46	24.28	102.43	0	2620.09	20298.43	21243.22	
Germany	Liberia	2019	Exports & Imports	396	48	8.97	1.07	169549.3	246048.33	76499.03	0.01	0.02	1.14	0.14	260	56.92	43.08	0	0	5	0	0	11327.36	59183.55	1.94	0.15	260	59.23	29.62	5.77	5.38	33.19	0	13.81	11356.78	59154.13	
Germany	Libya	2019	Exports & Imports	1387	36	31.43	0.8	-3887595.04	503195.28	4390790.32	0.35	0.03	2.22	0	145	62.76	37.24	0	0	12	0	0	147.38	4295870.03	2.22	0	145	62.76	37.24	0	0	12	0	0	147.38	4295870.03	
Germany	St. Lucia	2019	Exports & Imports	329	9	7.46	0.2	3512.96	3581.17	68.21	0	0	0	0	21	0	100	0	0	0	0	0	0	67.34	1.47	2.4	21	66.67	33.33	0	0	6	0	0	38.34	29	
Germany	Latin America & Caribbean	2019	Exports & Imports	3638	2800	82.44	62.26	14197415.72	39965386.56	25767970.84	2.08	2.68	2.03	2.88	47009	19.02	69.25	1.27	10.46	152.39	0	320701.87	5168432.29	19913366.26	5.5	6	10738	68.26	17.92	0.31	2.84	260.34	0	475304.81	14194190.19	10887608.36	
Germany	Sri Lanka	2019	Exports & Imports	1698	804	38.48	17.88	-488029.59	358200.88	846230.46	0.07	0.02	0.93	0.05	3326	0	87.97	1.83	10.19	237.64	0	14624.41	17950.19	812121.7	6.54	7.3	3326	71.29	15.54	2.1	11.06	237.64	0	14661.89	720109.91	109961.98	
Germany	Lesotho	2019	Exports & Imports	66	20	1.5	0.44	-13170.89	1887.75	15058.63	0	0	0	0	103	0	100	0	0	0	0	0	0	15058.57	4.79	0.72	103	71.84	28.16	0	0	12	0	0	3116.76	11941.81	
Germany	Lithuania	2019	Exports & Imports	3458	1624	78.36	36.11	1514108.07	3875090.02	2360981.95	0.19	0.26																									
Germany	Luxembourg	2019	Exports & Imports	3599	1932	81.55	42.96	2794501.47	6406466.37	3611964.9	0.29	0.43																									
Germany	Latvia	2019	Exports & Imports	3298	1192	74.73	26.51	954290.95	1930518.05	976227.1	0.08	0.13																									
Germany	Macao	2019	Exports & Imports	668	160	15.14	3.56	125616.52	164398.84	38782.32	0	0.01	5.69	3.15	776	69.2	19.2	0	11.6	31.15	0	0	34350.4	11950.79	5.69	3.15	776	69.2	19.2	0	11.6	31.15	0	0	34350.4	11950.79	
Germany	Morocco	2019	Exports & Imports	2591	980	58.71	21.79	986133.79	2502510.09	1516376.3	0.12	0.17	0.16	0.93	4158	0.19	96.56	0.02	3.22	77.67	0	2134.04	87172.22	1404352.65	6.1	8.46	4158	71.86	15.1	1.59	11.45	77.67	0	5420.57	1358576.22	132948.65	
Germany	Moldova	2019	Exports & Imports	2113	439	47.88	9.76	198272.4	489745.11	291472.71	0.02	0.03	0.03	0.03	2166	0.09	93.03	0.6	6.28	15.81	0	2145.43	3191.97	285915.16	7.38	5.73	2166	60.57	15.19	4.57	19.67	69.81	0	5395.28	263026.52	26080.61	
Germany	Madagascar	2019	Exports & Imports	754	252	17.09	5.6	-154284.19	59552.52	213836.72	0.02	0	0.01	0	1204	0	91.45	0.58	7.97	3.72	0	2.22	2.22	213694.32	7.28	8.11	1204	66.11	12.96	3.99	16.94	46.25	0	89.95	198004.83	15691.71	
Germany	Maldives	2019	Exports & Imports	1016	41	23.02	0.91	22638.8	49525.99	26887.19	0	0	6.07	19.85	328	78.35	21.34	0	0.3	25	0	0	26696.22	141.89	6.07	19.85	328	78.35	21.34	0	0.3	25	0	0	26696.22	141.89	
Germany	Middle East & North Africa	2019	Exports & Imports	3912	2756	88.65	61.29	26155498.35	43562163.17	17406664.81	1.4	2.92	1.79	0.6	43860	28.61	62.86	1.23	7.3	127.42	0	60864.1	1816514.2	13765165.35	5.38	2.86	10125	70.04	17.5	0.33	2.55	154.55	0	81636.98	6992108.36	8589571.19	
Germany	Mexico	2019	Exports & Imports	2812	1836	63.72	40.83	5387476.15	15407646.52	10020170.37	0.81	1.03	0.58	0.14	7494	2.31	90.87	1.13	5.68	149.59	0	35794.93	136512.43	9525936.76	4.68	5.48	7494	72.88	17.33	1.35	8.43	149.59	0	110179.43	7240562.73	2421886.46	
Germany	Marshall Islands	2019	Exports & Imports	72	9	1.63	0.2	160484.27	174552.26	14068	0	0.01	4.35	0.87	215	17.67	2.79	7.91	71.63	15.89	0	2.26	14068.44	0.26	4.35	0.87	215	17.67	2.79	7.91	71.63	15.89	0	2.26	14068.44	0.26	
Germany	North Macedonia	2019	Exports & Imports	2306	797	52.25	17.72	-2170462.11	1422012.22	3592474.33	0.29	0.1	0.02	0.04	3623	0	92.91	0.88	6.21	24.2	0	14286.19	14286.19	3566294.05	5.83	4.73	3623	66.77	15.32	2.95	14.96	57.6	0	16235.63	3511703.39	68876.85	
Germany	Mali	2019	Exports & Imports	830	70	18.81	1.56	92619.08	99841.68	7222.6	0	0.01	1.32	0.18	547	41.5	58.5	0	0	6.5	0	0	552.52	6481.3	3.89	1.05	547	65.27	14.81	0	19.93	121.54	0	0	1130.31	5903.5	
Germany	Malta	2019	Exports & Imports	2368	446	53.66	9.92	545731.95	991931.88	446199.92	0.04	0.07																									
Germany	Myanmar	2019	Exports & Imports	973	401	22.05	8.92	-1022072.08	170494.93	1192567	0.1	0.01	0.79	0.09	1440	33.19	66.74	0	0.07	8	0	0	37861.14	1152610.48	7.46	11.69	1440	78.75	14.17	0.76	6.32	57.6	0	1.06	1187333.08	3138.54	
Germany	Mongolia	2019	Exports & Imports	1582	163	35.85	3.62	150059.65	169858.07	19798.42	0	0.01	0.05	0.14	515	0.58	98.64	0	0.78	4.28	0	0	1280.87	16918.93	6.28	4.8	515	71.65	27.57	0	0.78	17	0	0	8710.68	9489.12	
Germany	Northern Mariana Islands	2019	Exports & Imports	28	1	0.63	0.02	532.2	583.32	51.12	0	0																									
Germany	Montenegro	2019	Exports & Imports	1426	148	32.31	3.29	114422.65	137079.17	22656.53	0	0.01	0.02	0.02	895	0	81.68	1.79	16.54	5.7	0	160.2	160.2	21612.3	4.37	1.5	895	53.18	23.02	3.8	20	57.71	0	173.88	4997.93	16774.58	
Germany	Mozambique	2019	Exports & Imports	673	62	15.25	1.38	-185901.61	111012.89	296914.49	0.02	0.01	0	0	242	0	100	0	0	0	0	0	0	295924.77	5.83	2.7	242	58.26	26.45	0	15.29	93.42	0	0	188477.2	107447.57	
Germany	Mauritania	2019	Exports & Imports	648	43	14.68	0.96	-18364.66	78787.02	97151.68	0.01	0.01	0.55	0	219	36.99	63.01	0	0	3.7	0	0	58.52	94047.77	7.08	0.02	219	78.08	11.42	0	10.5	31.15	0	0	148.05	93958.24	
Germany	Montserrat	2019	Exports & Imports	22	1	0.5	0.02	113.19	114.59	1.4	0	0	0	0	6	0	100	0	0	0	0	0	0	1.4	0.1	0.1	6	16.67	83.33	0	0	0.6	0	0	1.4	0	
Germany	Mauritius	2019	Exports & Imports	1566	293	35.49	6.52	105826.77	168809.62	62982.85	0.01	0.01	0	0	973	0.1	99.9	0	0	2.7	0	0	4.58	62377.62	7.13	20.58	973	77.49	19.32	1.95	1.23	93.42	0	73.99	60975.58	1406.62	
Germany	Malawi	2019	Exports & Imports	352	44	7.98	0.98	-61233.27	35458.09	96691.36	0.01	0	0.59	0.02	217	42.86	56.68	0	0.46	10.21	0	0	1180.9	95322.54	8.8	7.31	217	48.39	35.02	0	16.59	131.42	0	0	89398.39	7105.05	
Germany	Malaysia	2019	Exports & Imports	2725	1504	61.75	33.44	-3490078.17	6297356.69	9787434.86	0.79	0.42	3.97	1.12	5478	74.37	20.45	1.5	3.69	140.12	0	12400.68	3226312.73	6363086.23	3.97	1.12	5478	74.37	20.45	1.5	3.69	140.12	0	12400.68	3226312.73	6363086.23	
Germany	North America	2019	Exports & Imports	3867	3924	87.63	87.26	58562671.87	145994419.93	87431748.07	7.05	9.78	3.27	2.13	21620	41.23	51.14	0.74	6.88	237.64	0	437241.22	44252993.39	34515019.6	5.05	2.22	12919	69.15	19.76	0.72	5.91	237.64	0	458210.34	46582305.03	32185707.96	
Germany	Namibia	2019	Exports & Imports	983	197	22.28	4.38	-78182.13	67573.28	145755.41	0.01	0	0.04	0	1075	0.19	90.23	0.65	8.93	3.72	0	3.04	5.38	143022.55	4.36	3.25	1075	56.74	20.74	2.14	20.37	121.54	0	8795.94	44753.09	98274.85	
Germany	New Caledonia	2019	Exports & Imports	841	17	19.06	0.38	50977.1	51588.42	611.32	0	0	0	0	51	0	100	0	0	0	0	0	0	509.57	0.77	1.54	51	35.29	64.71	0	0	4	0	0	472.25	37.32	
Germany	Niger	2019	Exports & Imports	447	72	10.13	1.6	36608.97	37649.93	1040.96	0	0	1.34	0.5	534	47.19	52.81	0	0	6.5	0	0	354.72	670.33	5.19	10.25	534	73.6	15.92	2.06	8.43	121.54	0	3.64	720.82	304.23	
Germany	Nigeria	2019	Exports & Imports	2018	316	45.73	7.03	-1334549.95	1138619.36	2473169.31	0.2	0.08	2.78	0.09	1229	29.21	65.83	1.46	3.5	76.46	0	2.13	60291.16	2360586.64	4.41	0.17	1229	65.26	29.29	1.79	3.66	76.46	0	3.87	61879.02	2358998.78	
Germany	Nicaragua	2019	Exports & Imports	685	138	15.52	3.07	-27293.09	54034.69	81327.77	0.01	0	0.24	1.91	572	0.17	97.73	0.35	1.75	49.44	0	1304.69	24096.72	55597.13	6.8	8.04	572	71.33	20.63	0.7	7.34	49.44	0	1304.69	42519.83	37174.02	
Germany	Niue	2019	Exports & Imports		5		0.11			35.4	0		0	0	12	0	100	0	0	0	0	0	0	35.4	0.68	0.49	12	25	75	0	0	1.7	0	0	10.12	25.28	
Germany	Netherlands	2019	Exports & Imports	4187	4093	94.88	91.02	-4641182.64	92760194.93	97401377.57	7.86	6.21																									
Germany	Norway	2019	Exports & Imports	3506	1927	79.45	42.85	2113242.09	10548560.99	8435318.89	0.68	0.71	1.19	0.4	7420	8.79	82.35	1.31	7.56	237.64	0	30762.62	613735.13	7160204.91	6.21	1.65	7420	70.07	20.11	1.52	8.3	3000	0	45790.35	2567094.57	5206845.48	
Germany	Nepal	2019	Exports & Imports	581	335	13.17	7.45	16056.19	49151.67	33095.47	0	0	0.65	0.37	1043	27.9	71.91	0.19	0	6.5	0	10.13	4186.37	28381.91	6.85	7.74	1043	78.62	18.5	1.63	1.25	38.11	0	25.04	29628.2	2940.07	
Germany	Nauru	2019	Exports & Imports	4	7	0.09	0.16	137.72	161.73	24	0	0	0.69	0.49	16	25	75	0	0	3.3	0	0	9.38	14.62	3.94	3.87	16	93.75	6.25	0	0	9.7	0	0	24	0	
Germany	New Zealand	2019	Exports & Imports	2533	979	57.4	21.77	1152398.82	1928137.11	775738.29	0.06	0.13	5.04	18.74	4557	63.73	18.67	1.97	15.62	237.64	0	92514.05	625391.9	127146.78	5.04	18.74	4557	63.73	18.67	1.97	15.62	237.64	0	92514.05	625391.9	127146.78	
Germany	Other Asia, nes	2019	Exports & Imports					-2723179.28	8779639.58	11502818.86	0.93	0.59																									
Germany	Oman	2019	Exports & Imports	1877	241	42.53	5.36	948005.39	990354.11	42348.72	0	0.07	2.7	3.28	1257	70.17	29.36	0.16	0.32	25	0	7.77	28596.18	7024.42	2.7	3.28	1257	70.17	29.36	0.16	0.32	25	0	7.77	28596.18	7024.42	
Germany	Pakistan	2019	Exports & Imports	1992	1113	45.14	24.75	-775993.71	1254693.84	2030687.54	0.16	0.08	0.69	0.26	4025	0.37	89.71	1.07	8.84	131.26	0	727.97	29382.83	1991824.36	6.22	10.13	4025	73.29	15.95	1.14	9.61	131.26	0	736.38	1944166.93	77040.26	
Germany	Panama	2019	Exports & Imports	1522	198	34.49	4.4	540268.82	661411.43	121142.61	0.01	0.04	0.67	2.26	994	0.1	94.87	0.3	4.73	121.54	0	1346.5	37373.62	82111.83	5.3	6.31	994	67.2	25.86	1.31	5.63	121.54	0	1355.81	57990.9	61494.56	
Germany	Pitcairn	2019	Exports & Imports	1	2	0.02	0.04	-236.77	17.86	254.63	0	0	0	0	3	0	100	0	0	0	0	0	0	254.63	0	0	3	0	100	0	0	0	0	0	0	254.63	
Germany	Peru	2019	Exports & Imports	2208	655	50.03	14.57	-361118.27	1056727.48	1417845.75	0.11	0.07	0.56	0.2	3276	0.12	89.26	0.64	9.98	93.42	0	27719	81516.78	1322281.5	6.76	2.74	3276	65.29	14.93	2.53	17.25	127.42	0	30594.47	436197.38	967600.9	
Germany	Philippines	2019	Exports & Imports	2179	1073	49.38	23.86	-1673411.61	2813683.6	4487095.22	0.36	0.19	0.33	0.01	4729	0.42	89.38	2.01	8.18	67.41	0	7869.64	36960.34	4283414.91	4.79	1.66	4729	70.46	18.25	2.2	9.09	74.9	0	22086.21	1656330.11	2664045.14	
Germany	Palau	2019	Exports & Imports	8	4	0.18	0.09	-16.07	22.25	38.33	0	0	4.55	3.55	10	70	30	0	0	11	0	0	14.9	23.42	4.55	3.55	10	70	30	0	0	11	0	0	14.9	23.42	
Germany	Papua New Guinea	2019	Exports & Imports	343	39	7.77	0.87	-144879.66	33822.84	178702.5	0.01	0	0	0	190	0	100	0	0	0	0	0	0	178685.61	6.44	8.84	190	70.53	17.37	0	12.11	73.8	0	0	89880.24	88805.37	
Germany	Poland	2019	Exports & Imports	4168	3616	94.45	80.41	9126810.65	73592537.19	64465726.54	5.2	4.93																									
Germany	Korea, Dem. Rep.	2019	Exports & Imports	62	21	1.4	0.47	1089.9	1322.41	232.51	0	0	3.77	3.7	360	66.39	22.5	4.17	6.94	27.79	0	1.06	1232.85	1657.52	3.77	3.7	360	66.39	22.5	4.17	6.94	27.79	0	1.06	1232.85	1657.52	
Germany	Portugal	2019	Exports & Imports	3661	2268	82.96	50.43	3637608.33	11919404.1	8281795.77	0.67	0.8																									
Germany	Paraguay	2019	Exports & Imports	1474	123	33.4	2.74	140665.55	195193.78	54528.23	0	0.01	5.74	22.98	746	0.27	63.27	4.42	32.04	93.42	0	202.45	22730.49	30917.49	9.54	24.51	746	42.09	18.5	5.36	34.05	93.42	0	207.76	35015.17	18632.8	
Germany	Occ.Pal.Terr	2019	Exports & Imports	656	37	14.87	0.82	88082	90901.53	2819.52	0	0.01	0	0	170	0	100	0	0	0	0	0	0	2811.81	7.86	10.86	170	65.29	18.24	6.47	10	33.19	0	0.83	2776.65	35.15	
Germany	French Polynesia	2019	Exports & Imports	781	32	17.7	0.71	25586.2	28307.75	2721.56	0	0	0	0	289	0	100	0	0	0	0	0	0	2617.9	4.08	2.78	289	66.44	15.92	0.35	17.3	46.25	0	0.46	858.62	1759.28	
Germany	Qatar	2019	Exports & Imports	2126	359	48.18	7.98	1398761.9	1669337.15	270575.25	0.02	0.11	2.6	2.94	1857	66.24	24.56	1.13	8.08	26	0	15.69	80903.65	16046.24	2.6	2.94	1857	66.24	24.56	1.13	8.08	26	0	15.69	80903.65	16046.24	
Germany	Romania	2019	Exports & Imports	3801	2186	86.13	48.61	1165092.86	18852418.68	17687325.81	1.43	1.26																									
Germany	Russian Federation	2019	Exports & Imports	3597	2079	81.51	46.23	5087915.48	30445081.38	25357165.9	2.05	2.04	4.37	0.79	8260	69.09	21.42	1.48	8.01	260.34	0	25426.68	3190769.24	17255452.93	4.37	0.79	8260	69.09	21.42	1.48	8.01	260.34	0	25426.68	3190769.24	17255452.93	
Germany	Rwanda	2019	Exports & Imports	668	52	15.14	1.16	50178.87	64297	14118.13	0	0	1.01	0.03	251	62.95	36.65	0.4	0	6.5	0	0.82	164.27	8349.8	2.94	0.73	251	69.72	28.69	0.4	1.2	17	0	0.82	734.69	7779.38	
Germany	South Asia	2019	Exports & Imports	3442	3194	78	71.03	-4168756.01	16151521.03	20320277.04	1.64	1.08	2.97	2.68	22866	40	51.39	1.1	7.51	237.64	0	81970.84	8415170.69	11280490.06	5.21	7.98	11195	71.26	17.81	0.64	4.71	237.64	0	82092.29	17676848.09	2018812.66	
Germany	Saudi Arabia	2019	Exports & Imports	2718	708	61.59	15.74	5429280.45	6750400.43	1321119.99	0.11	0.45	3.51	1.48	3377	67.99	22.18	1.81	8.02	57.6	0	1205.46	316654.14	791481.97	3.51	1.48	3377	67.99	22.18	1.81	8.02	57.6	0	1205.46	316654.14	791481.97	
Germany	Senegal	2019	Exports & Imports	1200	125	27.19	2.78	119467.72	144449.28	24981.56	0	0.01	0.74	0.11	750	31.2	68.8	0	0	5.7	0	0	1093.24	17053.83	4.83	6.49	750	62.53	22.67	0	14.8	36.27	0	0	10839.97	7307.11	
Germany	Serbia, FR(Serbia/Montenegro)	2019	Exports & Imports	3245	1552	73.53	34.51	1103207.29	3641132.9	2537925.61	0.2	0.24	0.02	0.01	6173	0.05	95.55	0.52	3.89	49.05	0	347.57	58398.95	2434348.67	4.61	4.43	6173	67.41	19.6	1.93	11.06	131.48	0	8271.33	2079394.34	413353.28	
Germany	Singapore	2019	Exports & Imports	3069	1464	69.54	32.56	1822382.91	8277778.75	6455395.83	0.52	0.55	3.71	2.33	5852	73.55	20.04	1.38	5.02	121.54	0	8263.95	2881602.13	3093505.68	3.71	2.33	5852	73.55	20.04	1.38	5.02	121.54	0	8263.95	2881602.13	3093505.68	
Germany	South Georgia and the South Sa	2019	Exports & Imports		1		0.02			4.52	0		0	0	3	0	100	0	0	0	0	0	0	4.52	2.9	2.9	3	100	0	0	0	2.9	2.9	0	4.52	0	
Germany	Saint Helena	2019	Exports & Imports	3	5	0.07	0.11	24.91	81.71	56.8	0	0	0	0	35	0	100	0	0	0	0	0	0	56.8	3.19	0.31	35	82.86	17.14	0	0	12	0	0	8.86	47.94	
Germany	Solomon Islands	2019	Exports & Imports	48	9	1.09	0.2	361.16	410.39	49.23	0	0	0.33	0.5	44	22.73	77.27	0	0	1.7	0	0	19.77	29.45	0.88	0.61	44	61.36	38.64	0	0	5	0	0	20.8	28.42	
Germany	Sierra Leone	2019	Exports & Imports	475	88	10.76	1.96	-22139.43	19254.99	41394.42	0	0	1.02	0.04	765	34.64	65.36	0	0	6.5	0	0	699.49	42382.61	5.73	0.43	765	66.41	17.78	0	15.82	121.54	0	0	2217.3	40864.81	
Germany	El Salvador	2019	Exports & Imports	1057	217	23.95	4.83	456544.96	502855.2	46310.25	0	0.03	0.03	0	916	0	94.54	0.22	5.24	12.27	0	148.62	150.24	45087.51	5.61	1.53	916	71.94	19.21	0.44	8.41	36.27	0	148.62	5929.72	39308.03	
Germany	San Marino	2019	Exports & Imports	631	161	14.3	3.58	53051.3	64497.92	11446.61	0	0	0	0	838	0.12	99.88	0	0	2.7	0	0	7.83	11325.99	3.74	2.05	838	75.89	17.9	1.79	4.42	46.25	0	99.17	8929.9	2403.93	
Germany	Somalia	2019	Exports & Imports	357	14	8.09	0.31	27540.52	30596.33	3055.81	0	0	0.38	0.14	81	28.4	71.6	0	0	2.9	0	0	271.71	2784.08	5.4	0.24	81	61.73	19.75	0	18.52	28.81	0	0	306.49	2749.3	
Germany	Saint Pierre and Miquelon	2019	Exports & Imports	43	1	0.97	0.02	387.52	387.71	0.2	0	0																									
Germany	South Sudan	2019	Exports & Imports	175	12	3.97	0.27	10667.23	10728.87	61.63	0	0	0.55	0.99	27	48.15	51.85	0	0	2.7	0	0	20.42	7.13	0.55	0.99	27	48.15	51.85	0	0	2.7	0	0	20.42	7.13	
Germany	Sub-Saharan Africa	2019	Exports & Imports	3477	1979	78.79	44.01	-423932.61	15692599.07	16116531.68	1.3	1.05	0.5	0.17	24580	14.11	82.24	0.48	3.17	152.39	0	244579.35	554933.44	15208209.73	5.33	4.36	8157	68.87	17.84	0.47	3.94	152.39	0	260496.19	8461905.15	7301238.01	
Germany	Sao Tome and Principe	2019	Exports & Imports	45	3	1.02	0.07	1256.04	1275.79	19.75	0	0	3.1	2.78	19	89.47	10.53	0	0	6.5	0	0	2.91	3.59	3.1	2.78	19	89.47	10.53	0	0	6.5	0	0	2.91	3.59	
Germany	Sudan	2019	Exports & Imports	917	36	20.78	0.8	168053.57	182012.97	13959.4	0	0.01	3.41	0.3	184	40.22	35.87	2.17	21.74	57.6	0	0.12	4287.08	9433.84	3.41	0.3	184	40.22	35.87	2.17	21.74	57.6	0	0.12	4287.08	9433.84	
Germany	Suriname	2019	Exports & Imports	617	46	13.98	1.02	27545.74	29276.14	1730.4	0	0	0.04	0	491	0.2	78.82	1.43	19.55	3.72	0	1.22	3.85	1084.55	6.08	10.48	491	48.27	9.57	4.28	37.88	57.6	0	2.69	914.33	174.07	
Germany	Slovak Republic	2019	Exports & Imports	3698	2427	83.8	53.97	-4073249.03	15687326.06	19760575.09	1.59	1.05																									
Germany	Slovenia	2019	Exports & Imports	3648	2006	82.66	44.61	-901254.4	6133507.47	7034761.87	0.57	0.41																									
Germany	Sweden	2019	Exports & Imports	3876	2840	87.83	63.15	10684838.97	27889580.66	17204741.69	1.39	1.87																									
Germany	Eswatini	2019	Exports & Imports	88	70	1.99	1.56	3043.93	9282.16	6238.23	0	0	0	0	525	0	100	0	0	0	0	0	0	6224.83	6.57	24.64	525	59.62	18.67	0.76	20.95	93.42	0	3040.71	5977.26	247.57	
Germany	Saint Maarten (Dutch part)	2019	Exports & Imports	329	10	7.46	0.22	4635.93	4750.93	114.99	0	0	1.21	2.42	37	59.46	40.54	0	0	3.7	0	0	78.99	8.1	1.21	2.42	37	59.46	40.54	0	0	3.7	0	0	78.99	8.1	
Germany	Seychelles	2019	Exports & Imports	656	45	14.87	1	92814.11	95171.45	2357.33	0	0.01	0	0	181	0	100	0	0	0	0	0	0	2347.63	6.1	12.83	181	62.43	30.39	6.08	1.1	25	0	5.12	1890.52	457.11	
Germany	Syrian Arab Republic	2019	Exports & Imports	828	320	18.76	7.12	82164.37	98932.67	16768.31	0	0.01	2.54	1.89	1616	27.1	49.32	4.58	19	119.12	0	1146.3	3601.29	12906.97	7.89	4.28	1616	64.23	12.07	4.7	19	127.42	0	1146.3	9376.96	7131.31	
Germany	Turks and Caicos Isl.	2019	Exports & Imports	38	2	0.86	0.04	1798.99	1856.21	57.22	0	0	0	0	6	0	100	0	0	0	0	0	0	1.41	2.7	2.7	6	100	0	0	0	2.7	2.7	0	1.41	0	
Germany	Chad	2019	Exports & Imports	293	15	6.64	0.33	-49052.04	18068	67120.04	0.01	0	0.27	0	33	21.21	78.79	0	0	3	0	0	19.81	67086.07	0.27	0	33	21.21	78.79	0	0	3	0	0	19.81	67086.07	
Germany	Togo	2019	Exports & Imports	866	55	19.62	1.22	55769.94	60654.48	4884.54	0	0	0.55	0.07	203	25.12	74.88	0	0	5.7	0	0	133.54	4738.12	5.47	0.61	203	63.05	30.05	0.99	5.91	49.12	0	0.6	386.02	4485.64	
Germany	Thailand	2019	Exports & Imports	2865	2132	64.92	47.41	-1208185.76	5643898.77	6852084.53	0.55	0.38	7.09	3.98	8141	71.83	16.12	1.42	10.63	3000	0	140476.52	3775921.86	2861453.38	7.09	3.98	8141	71.83	16.12	1.42	10.63	3000	0	140476.52	3775921.86	2861453.38	
Germany	Tajikistan	2019	Exports & Imports	546	35	12.37	0.78	29834.74	32149.68	2314.94	0	0	3.58	0.94	113	46.02	32.74	13.27	7.96	12.1	0	1.09	1540.17	742.37	5.28	2.43	113	58.41	20.35	13.27	7.96	17.3	0	1.09	2107.87	174.67	
Germany	Tokelau	2019	Exports & Imports	23	15	0.52	0.33	-30.61	255.49	286.1	0	0	7.55	3.75	53	90.57	9.43	0	0	12	0	0	282.64	3.46	7.55	3.75	53	90.57	9.43	0	0	12	0	0	282.64	3.46	
Germany	Turkmenistan	2019	Exports & Imports	919	18	20.82	0.4	180284.74	181304.14	1019.4	0	0.01	6.7	5.37	75	84	14.67	0	1.33	12	0	0	574.08	90.61	6.7	5.37	75	84	14.67	0	1.33	12	0	0	574.08	90.61	
Germany	East Timor	2019	Exports & Imports	62	15	1.4	0.33	3.48	352.5	349.01	0	0	0.54	0.04	104	4.81	95.19	0	0	3.7	0	0	4.64	307.13	6.55	0.26	104	20.19	5.77	0	74.04	22.54	0	0	9.21	302.56	
Germany	Tonga	2019	Exports & Imports	28	3	0.63	0.07	250.22	260.31	10.1	0	0	2.53	3.51	6	83.33	16.67	0	0	3.8	0	0	9.32	0.77	7.33	10.16	6	83.33	16.67	0	0	11	0	0	9.32	0.77	
Germany	Trinidad and Tobago	2019	Exports & Imports	863	56	19.56	1.25	18894.42	112242.94	93348.52	0.01	0.01	0	0	254	0	100	0	0	0	0	0	0	92429.38	3.21	2.98	254	65.75	30.31	3.94	0	57.6	0	1200.69	51127.34	41302.04	
Germany	Tunisia	2019	Exports & Imports	2341	942	53.05	20.95	-471715.33	1649380.64	2121095.97	0.17	0.11	0.48	0.21	3950	6.38	80.94	2.46	10.23	46.25	0	723.68	47003.44	2074008.74	5.5	5.67	3950	70.18	16.78	2.56	10.48	74.9	0	881.14	1957698.46	163313.72	
Germany	Turkey	2019	Exports & Imports	3567	3124	80.83	69.47	4212334.67	22023429.02	17811094.34	1.44	1.47	0.64	0.2	10697	0.31	89.47	1.07	9.15	136.15	0	133622.05	619132.94	16425225.31	5.16	6.85	10697	69.13	18.92	1.31	10.64	260.34	0	144003.49	15683897.22	1360461.02	
Germany	Tuvalu	2019	Exports & Imports	2	2	0.05	0.04	-55.53	11.6	67.13	0	0	0	0	2	0	100	0	0	0	0	0	0	67.13	6	0.89	2	50	50	0	0	12	0	0	4.96	62.17	
Germany	Tanzania	2019	Exports & Imports	1093	152	24.77	3.38	108572.13	197301.73	88729.6	0.01	0.01	0.65	0.09	651	24.42	75.42	0	0.15	10.21	0	0	3200.76	84423.78	5.08	4.29	651	57.3	22.89	2.3	17.51	74.9	0	0.74	48090.46	39534.08	
Germany	Uganda	2019	Exports & Imports	906	120	20.53	2.67	30607.02	125501.54	94894.52	0.01	0.01	0.66	0.07	644	22.52	70.5	0.78	6.21	15.81	0	0.6	2407.87	91898.7	5.6	0.87	644	52.33	22.2	5.75	19.72	76.46	0	12.75	10929.53	83377.04	
Germany	Ukraine	2019	Exports & Imports	3294	1692	74.64	37.63	2248390.33	5492971.08	3244580.76	0.26	0.37	0.62	0.57	6976	3.02	93.23	0.54	3.2	102.43	0	15542.57	123382.68	3020432.41	5.16	3.45	6976	71.14	18.29	1.43	9.13	144.27	0	26940.64	1803883.15	1339931.94	
Germany	United States Minor Outlying I	2019	Exports & Imports	21	5	0.48	0.11	41.94	80.06	38.12	0	0	3.99	0.48	16	37.5	50	12.5	0	17.3	0	2.33	3.66	34.47	3.99	0.48	16	37.5	50	12.5	0	17.3	0	2.33	3.66	34.47	
Germany	Unspecified	2019	Exports & Imports	322	38	7.3	0.84	-20736866.08	14152139.81	34889005.89	2.81	0.95	5.38	2.08	173	63.01	25.43	0	11.56	74.9	0	0	254.84	254.96	5.38	2.08	173	63.01	25.43	0	11.56	74.9	0	0	254.84	254.96	
Germany	Uruguay	2019	Exports & Imports	1859	232	42.13	5.16	-68046.01	273152.55	341198.55	0.03	0.02	5.94	12.95	1596	47.68	15.6	2.26	34.46	84.94	0	220.67	125461.65	210239.84	5.94	12.95	1596	47.68	15.6	2.26	34.46	84.94	0	220.67	125461.65	210239.84	
Germany	United States	2019	Exports & Imports	3802	3887	86.15	86.44	52070484.15	133545758.29	81475274.14	6.57	8.94	5.04	2.28	12716	69.45	19.83	1.2	9.52	237.64	0	435985.54	44102648.66	28858544.13	5.04	2.28	12716	69.45	19.83	1.2	9.52	237.64	0	435985.54	44102648.66	28858544.13	
Germany	Uzbekistan	2019	Exports & Imports	1693	235	38.36	5.23	966878.59	1002652.98	35774.38	0	0.07	3.45	4.06	1302	25.12	54.3	2.38	18.2	40.3	0	51.65	27189.41	7366.84	5.19	5.7	1302	59.37	19.89	2.53	18.2	57.6	0	53.08	31813.31	2742.93	
Germany	Holy See	2019	Exports & Imports	69	35	1.56	0.78	1641.42	2799.63	1158.21	0	0	3.05	0.36	79	67.09	32.91	0	0	16.9	0	0	100.21	650.22	3.05	0.36	79	67.09	32.91	0	0	16.9	0	0	100.21	650.22	
Germany	St. Vincent and the Grenadines	2019	Exports & Imports	159	2	3.6	0.04	9612.55	9700.18	87.62	0	0	0	0	134	0	100	0	0	0	0	0	0	87.62	21.51	21.74	134	72.39	1.49	0	26.12	46.25	0	0	87.62	0	
Germany	Venezuela	2019	Exports & Imports	850	133	19.26	2.96	-234039.64	59444.99	293484.63	0.02	0	6.04	0.14	688	71.95	16.86	4.51	6.69	48.48	0	11465.24	16372.84	276687.37	6.04	0.14	688	71.95	16.86	4.51	6.69	48.48	0	11465.24	16372.84	276687.37	
Germany	British Virgin Islands	2019	Exports & Imports	159	24	3.6	0.53	496350.42	498868.58	2518.16	0	0.03	0	0	186	0	100	0	0	0	0	0	0	2516.22	2.99	4.83	186	75.81	22.04	2.15	0	17	0	113.64	2405.57	110.65	
Germany	Vietnam	2019	Exports & Imports	2736	1725	62	38.36	-6064808.02	4838577.99	10903386.01	0.88	0.32	3.42	3.59	6384	36.42	53.9	1.3	8.38	144.27	0	8137.6	4606099.35	5835369.43	5.65	5.61	6384	72.84	17.28	1.39	8.49	144.27	0	32836.65	5916276.19	4525192.59	
Germany	Vanuatu	2019	Exports & Imports	46	1	1.04	0.02	696.6	746.61	50.01	0	0	2.75	2.75	4	75	25	0	0	4	0	0	50.01	0	2.75	2.75	4	75	25	0	0	4	0	0	50.01	0	
Germany	 World	2019	Exports & Imports	4413	4497	100	100	253369360.72	1493266563.85	1239897203.13	100	100	2.56	1.83	344262	33.48	58.16	1.09	7.27	3000	0	3878007.07	180164794.59	330151504.5	6.16	3.16	15063	67.28	19.88	0.05	0.52	3000	0	5277924.1	278833928.05	231482371.03	
Germany	Wallis and Futura Isl.	2019	Exports & Imports	14	1	0.32	0.02	120.13	120.16	0.02	0	0	0	0	2	0	100	0	0	0	0	0	0	0.02	2.7	2.7	2	100	0	0	0	2.7	2.7	0	0.02	0	
Germany	Samoa	2019	Exports & Imports	39	2	0.88	0.04	2872.71	3199.98	327.26	0	0	0	0	81	0	100	0	0	0	0	0	0	327.26	13.69	17.72	81	65.43	0	0	34.57	46.25	1.7	0	327.26	0	
Germany	Yemen	2019	Exports & Imports	644	19	14.59	0.42	68315.06	102027.73	33712.66	0	0.01	0.82	0	93	60.22	39.78	0	0	5.7	0	0	31.71	33110.2	2.05	0.05	93	79.57	20.43	0	0	18	0	0	154.52	32987.39	
Germany	South Africa	2019	Exports & Imports	3136	1497	71.06	33.29	295386.93	10595336.54	10299949.61	0.83	0.71	0.35	0.23	6524	2.85	88.26	1.21	7.68	152.39	0	244570.25	438611.63	9608421.99	4.4	5.78	6524	68.16	18.53	1.56	11.74	152.39	0	247762.16	7189847.35	2857186.27	
Germany	Congo, Dem. Rep.	2019	Exports & Imports	793	56	17.97	1.25	14580.42	90638.61	76058.19	0.01	0.01	0.58	0.01	167	44.31	55.69	0	0	6.5	0	0	554.54	62684.48	2.94	0.03	167	54.49	42.51	0	2.99	49.12	0	0	694.1	62544.92	
Germany	Zambia	2019	Exports & Imports	685	58	15.52	1.29	-15330.95	71803.69	87134.64	0.01	0	0.73	0.02	202	41.09	58.42	0	0.5	10.21	0	0	547.76	86472.66	3.79	2.58	202	54.95	27.72	0	17.33	33.79	0	0	29708.08	57312.33	
Germany	Zimbabwe	2019	Exports & Imports	504	114	11.42	2.54	-8070.71	37355.27	45425.97	0	0	0	0	549	0.18	99.82	0	0	2.7	0	0	45.14	45697.1	4.68	6.28	549	59.93	22.04	0	18.03	41.6	0	0	33122.67	12619.57	
